编码,汉字,语言,语言用例,地名,地名用例,科学,科学用例,人文,人文用例,人名,人名用例,和字,繁体,备注,现汉收录,新华收录
U+344C,㑌,,,,,,,✗,㑌儴,,,,,〈书〉同“劻勷”，可不收,✓,
U+3469,㑩,✗,偻㑩,,,,,,,,,,儸,同“喽啰”，可不收,✓,✓
U+34E6,㓦,✓,㓦划,,,,,,,,,,,〈方〉,✓,✓
U+3509,㔉,,,,,,,,,,,,劚,〈书〉用例暂缺（人文？）,✓,
U+355C,㕜,,,,,,,,,,,,,〈书〉同“史”，不收,✓,
U+358A,㖊,,,,,✓,宝珀五十㖊,,,,,,噚,英寻，旧用法,✓,✓
U+359E,㖞,✓,㖞斜,,,✓,口眼㖞斜,,,,,,喎,中医药学名词,✓,
U+35CF,㗏,✓,㗏,,,,,,,,,,,叹词,✓,
U+35D1,㗑,✗,㗑,,,,,,,,,,,同“呗”，可不收,✓,✓
U+35D2,㗒,✓,㗒,,,,,,,,,,,叹词,,✓
U+3604,㘄,✓,㘄㘄,,,,,,,,,,,拟声词,✓,
U+3617,㘗,✓,㘗㘗,,,,,✓,《听听，秋的声音》㘗㘗,,,,,拟声词,✓,✓
U+3625,㘥,✓,㘥子,,,,,,,,,,,又称“囮”,✓,✓
U+3635,㘵,,,✓,清㘵站（广东广州）,,,,,,,,,,✓,✓
U+36A2,㚢,,,,,,,,,,,,,用例暂缺（方言、人名？）,✓,
U+36BB,㚻,✓,㚻奸、㚻片,,,,,,,,,,,,✓,
U+377F,㝿,,,,,,,,,,,,,〈书〉同“跛”，不收,✓,
U+378E,㞎,✓,㞎㞎,,,,,,,,,,,,✓,
U+3797,㞗,✓,㞗,,,,,,,,,,,〈方〉俗作“球”,✓,
U+3798,㞘,✓,㞘子,,,,,,,,,,,〈方〉,✓,
U+37C2,㟂,,,✓,屺㟂岛（山东烟台）,,,,,,,,,,✓,
U+37D6,㟖,,,✓,㟖岗自然保护区（广西崇左）,✓,㟖岗金花茶,,,,,,,又作“弄岗”,✓,✓
U+37E4,㟤,,,,,,,,,,,,,用例暂缺（地名？）,✓,✓
U+383E,㠾,,,,,,,,,,,,,用例暂缺（人文？）,✓,
U+3861,㡡,,,,,,,,,,,,,用例暂缺（人文？）,✓,
U+3905,㤅,,,,,,,,,,,,,〈书〉同“爱”，不收,✓,
U+391E,㤞,,,,,,,✗,㤞憏,,,,,同“侘傺”，可不收,✓,
U+3925,㤥,,,,,,,,,,,,,用例暂缺（人文？）,✓,
U+394F,㥏,,,,,,,,,,,,,用例暂缺（人文？）,✓,✓
U+39C0,㧀,,,,,,,,,,,,,用例暂缺（人文？）,✓,
U+39CF,㧏,,,,,,,,,,,,掆,〈书〉同“扛”，不收,✓,
U+39E5,㧥,,,,,,,,,,,,,用例暂缺（人文？）,✓,
U+39EF,㧯,✓,㧯,,,,,,,,,,,〈方〉,✓,
U+3A04,㨄,✓,㨄,,,,,,,,,,,〈方〉,✓,
U+3A5F,㩟,✓,㩟针,,,,,,,,,,,〈方〉,✓,✓
U+3A97,㪗,✓,㪗气,,,,,,,,,,,〈方〉,✓,✓
U+3ABA,㪺,,,,,,,,,✓,萧㪺,,,〈书〉,✓,
U+3B24,㬤,✓,㬤,,,,,,,,,,,〈方〉,✓,✓
U+3C6E,㱮,✗,㱮脓,,,,,,,,,,殨,同“溃脓”，可不收,✓,
U+3CB2,㲲,,,,,,,,,,,,,〈书〉用例暂缺（人文？）,✓,
U+3CE0,㳠,,,,,,,,,,,,澾,〈书〉用例暂缺（人文？）,✓,
U+3D29,㴩,,,✓,㴩湖（古）,,,,,,,,,,✓,✓
U+3D72,㵲,,,✓,㵲阳河（贵州）,,,,,,,,,,✓,✓
U+3D81,㶁,,,,,,,,,,,,,〈书〉拟声词,✓,
U+3D89,㶉,,,,,,,✓,㶉𫛶,,,,鸂,,✓,✓
U+3D9F,㶟,,,✓,㶟水（古）,,,,,,,,,,✓,
U+3E4E,㹎,,,,,,,,,,,,,〈书〉用例暂缺（人文？）,✓,
U+3E62,㹢,,,,,✓,㺢㹢狓,,,,,,,,✓,
U+3E6D,㹭,,,,,✓,林㹭,,,,,,,又称“猞猁”,✓,✓
U+3E80,㺀,,,,,,,✓,《水浒传》㺀𤝽,,,,,“忽律”，鳄鱼,✓,
U+3EA2,㺢,,,,,✓,㺢㹢狓,,,,,,,,✓,
U+3ECB,㻋,,,,,,,,,✓,和世㻋,,,,✓,
U+3F0E,㼎,,,,,✓,马㼎儿,,,,,,,〈书〉,✓,
U+3F58,㽘,,,✓,姐勒㽘（云南德宏，旧）,,,✓,老㽘,,,,,云南德宏旧行政区划名，头目称“老㽘”,✓,
U+3F93,㾓,,,,,,,,,,,,,〈书〉用例暂缺（人文？）,✓,
U+3FA6,㾦,,,,,✓,㾦㿔、白㾦,,,,,,,中医药学名词,✓,
U+3FD4,㿔,,,,,✓,㾦㿔,,,,,,,中医药学名词,✓,
U+4007,䀇,✓,䀇子鸡,,,,,,,,,,,,✓,✓
U+4026,䀦,✓,䀦,,,,,,,,,,,〈方〉,✓,
U+40F0,䃰,✓,礓䃰,,,✓,礓䃰,,,,,,,〈方〉GB/T 51330，又作“礓蹉”,✓,✓
U+413B,䄻,✓,䄻黍饭,,,,,,,,,,,〈方〉,✓,
U+41ED,䇭,✗,𥬯䇭,,,,,,,,,,,同“栲栳”，可不收,✓,
U+41F2,䇲,,,,,✓,竹䇲鱼,,,,,,筴,,✓,
U+41FD,䇽,✓,䇽子,,,,,,,,,,,〈方〉,✓,✓
U+4205,䈅,,,,,✓,小䈅、大䈅,,,,,,,〈书〉同“籰”，缫丝工具,✓,
U+4349,䍉,✓,䍉儿,,,,,,,,,,,〈方〉,✓,✓
U+4361,䍡,,,,,,,,,,,,,〈书〉用例暂缺（人文？）,✓,
U+43AC,䎬,,,,,,,,,,,,䎱,同“耙”，不收,✓,
U+43DA,䏚,,,,,,,,,,,,,用例暂缺,✓,
U+43FF,䏿,,,,,,,,,,,,,用例暂缺,✓,✓
U+441B,䐛,✓,肥䐛䐛,,,,,,,,,,,,✓,
U+441C,䐜,,,,,,,,,,,,,〈书〉用例暂缺（人文？）,✓,
U+447D,䑽,,,,,,,,,,,,,〈书〉用例暂缺（人文？）,✓,
U+44B7,䒷,,,,,✗,䒷蒌,,,,,,,同“栝楼”，可不收,✓,
U+44BF,䒿,,,,,,,,,,,,,用例暂缺,✓,
U+44C2,䓂,,,,,,,,,,,,,用例暂缺,,✓
U+44DE,䓞,,,,,✓,䓞草,,,,,,,“狼尾草”别名,✓,
U+44EE,䓮,,,,,✓,䓮䕅,,,,,,,“花蔺”别名,✓,
U+4545,䕅,,,,,✓,䓮䕅,,,,,,,“花蔺”别名,✓,
U+4577,䕷,,,,,✓,荼䕷,,,,,,,又作“荼蘼”,✓,
U+45AE,䖮,✓,䖮虫,,,,,,,,,,,〈方〉,✓,
U+45B3,䖳,✓,海䖳、䖳鱼,,,,,,,,,,,〈方〉,✓,
U+45E9,䗩,,,,,✓,斗嫁䗩,,,,,,,,✓,
U+4615,䘕,,,,,,,✗,䘕衏,,,,,同“行院”，可不收,✓,
U+464C,䙌,✓,䙌儿,,,,,,,,,,䙡,〈方〉,✓,✓
U+4729,䜩,,,,,,,✓,《短歌行》契阔谈䜩,,,,讌,,,✓
U+473A,䜺,✓,豆䜺、䜺子,,,,,,,,,,,,✓,✓
U+474B,䝋,,,,,,,,,,,,,〈方〉用例暂缺,✓,
U+478D,䞍,✓,䞍等、䞍受,,,,,,,,,,䝼,,✓,✓
U+47E1,䟡,,,,,✗,跰䟡,,,,,,,同“胼胝”，可不收,✓,
U+4986,䦆,✗,䦆头,,,,,,,,,,钁,〈方〉同“镢”，可不收,✓,✓
U+49B6,䦶,,,,,,,✗,䦶䦷,,,,䦛,同“挣揣”，可不收,✓,✓
U+49B7,䦷,,,,,,,✗,䦶䦷,,,,䦟,同“挣揣”，可不收,✓,✓
U+4A44,䩄,✗,䩄觍,,,,,,,,,,靦,同“腼腆”，可不收,✓,✓
U+4A6C,䩬,,,,,,,,,,,,,〈书〉同“琫”，可不收,✓,
U+4A7A,䩺,✓,䩺鞋,,,,,,,,,,,〈方〉,✓,
U+4BC4,䯄,,,,,,,✓,拳毛䯄,,,,騧,,✓,✓
U+4BFC,䯼,,,,,,,✓,䯼髻,,,,,〈书〉,✓,
U+4C00,䰀,,,,,,,✓,䰀鬌,,,,,〈书〉,✓,
U+4D25,䴥,,,,,,,✓,神䴥,,,,,〈书〉,✓,
U+4D5A,䵚,✓,䵚黍,,,,,,,,,,,〈方〉,✓,
U+4E31,丱,,,✓,丱兮城遗址（河北黄骅）,,,✓,《诗经》总角丱兮,,,,,〈书〉,✓,
U+4F03,伃,,,,,,,✗,倢伃,,,,,同“婕妤”，可不收,✓,
U+4F15,伕,,,,,,,,,,,,,同“夫”，不收,✓,
U+4F21,伡,✗,大伡,,,,,,,,,,俥,同“大车”，可不收,✓,
U+4F37,伷,,,,,,,,,✓,司马伷,,,〈书〉同“胄”（多用于人名）,✓,
U+4F3B,伻,,,,,,,,,,,,,〈书〉〈古〉用例暂缺,✓,✓
U+4F40,佀,,,,,,,,,✓,佀钟、佀志广,,,,✓,✓
U+4F49,佉,,,✓,佉沙（古）,,,✓,佉卢文,,,,,〈书〉,✓,
U+4F4A,佊,,,,,,,,,,,,,〈书〉用例暂缺,✓,
U+4F6B,佫,,,,,,,,,✓,佫树旺,,,,✓,
U+4F79,佹,,,,,,,,,,,,,〈书〉用例暂缺,✓,
U+4F9C,侜,,,,,,,✓,《诗经》谁侜予美,,,,,〈书〉,✓,✓
U+4FBB,侻,,,,,,,✓,《婻侻罕》,,,,,〈书〉,✓,
U+4FDB,俛,,,,,,,,,✓,萧俛,,,同“俯”，或通“勉”,✓,
U+4FE4,俤,,,,,,,,,✓,罗春俤,,,同“弟”,✓,
U+5005,倅,,,,,,,✓,《木兰花慢·滁州送范倅》,✓,成倅,,,〈书〉,✓,
U+5016,倖,,,,,,,,,,,,,用例暂缺,✓,✓
U+5022,倢,,,,,,,✗,倢伃,,,,,同“婕妤”，可不收,✓,
U+5037,倷,✓,倷好,,,,,,,,,,,〈方〉,✓,
U+504A,偊,,,,,,,,,,,,,〈书〉用例暂缺,✓,
U+5062,偢,✓,偢货,,,,,,,,,,,〈书〉同“瞅”〈方〉,✓,
U+508E,傎,,,,,,,,,,,,,〈书〉用例暂缺,✓,
U+50A4,傤,,,,,,,,,,,,,同“载”〈方〉用例暂缺,✓,
U+50C4,僄,✓,轻僄僄,,,,,,,,,,,〈书〉,✓,
U+50DC,僜,,,,,,,✓,僜人,,,,,,,✓
U+50DD,僝,,,,,,,✓,僝僽,,,,,〈书〉,✓,
U+50E1,僡,,,,,,,,,✓,庄孝僡,,,〈书〉同“惠”,✓,
U+50E2,僢,,,,,,,,,,,,,〈书〉同“舛”，不收,✓,
U+50FD,僽,,,,,,,✓,僝僽,,,,,〈书〉,✓,
U+5113,儓,,,,,,,,,,,,,用例暂缺,✓,
U+5117,儗,,,,,,,✓,佁儗,,,,,〈书〉又同“拟”,✓,
U+513D,儽,,,,,,,✗,《老子》儽儽兮若无所归,,,,,中华书局版作“傫傫兮若无所归”，又同“累累”,✓,
U+513E,儾,✓,嵊县儾,,,,,,,,,,,,,✓
U+5152,兒,,,✓,兒国（古）,,,,,✓,兒宽,,,亦作“郳”“倪”,✓,
U+5187,冇,✓,冇问题,,,,,,,,,,,〈方〉,✓,✓
U+5193,冓,,,,,,,✓,《诗经》中冓之言,,,,,〈书〉,✓,
U+51CA,凊,,,,,,,✓,《千字文》夙兴温凊、《弟子规》夏则凊,,,,,〈方〉,✓,
U+51F7,凷,,,,,,,,,,,,,〈书〉同“块”，不收,✓,
U+520C,刌,,,,,,,,,,,,,〈书〉用例暂缺,✓,
U+5213,刓,,,,,,,✓,《楚辞》刓方以为圜兮,,,,,〈书〉,✓,
U+521C,刜,,,,,,,✓,《楚辞》执棠谿以刜蓬兮,,,,,〈书〉,✓,
U+5232,刲,,,,,,,✓,《周易》士刲羊,,,,,〈书〉,✓,✓
U+5235,刵,,,,,,,✓,刵刑,,,,,,✓,
U+5252,剒,✓,剒鸡,,,,,,,,,,,〈书〉,✓,
U+525A,剚,,,,,,,,,,,,,〈书〉用例暂缺,✓,
U+527A,剺,✓,刀剺面,,,,,,,,,,,〈书〉,✓,
U+5280,劀,,,,,,,,,,,,,〈书〉用例暂缺,✓,
U+5298,劘,,,,,,,✓,《楚辞》贵宠沙劘,,,,,〈书〉,✓,✓
U+5299,劙,✓,劙面,,,,,,,,,,,〈书〉,✓,✓
U+52BB,劻,,,,,,,✓,劻勷,✓,奕劻,,,,✓,✓
U+52F7,勷,,,,,,,✓,劻勷、勷勤大学,,,,,,✓,✓
U+52FC,勼,✓,老倒勼、戆勼勼,,,,,,,,,,,〈书〉,✓,
U+5304,匄,,,,,,,,,✓,姬匄,,,同“丐”,✓,✓
U+5309,匉,,,,,,,,,,,,,〈书〉同“砰”，不收,✓,
U+530B,匋,,,,,,,,,✓,钱君匋,,,〈书〉同“陶”,✓,
U+534C,卌,✓,卌年,,,,,,,,,,,〈书〉四十,✓,
U+535D,卝,,,,,,,,,,,,,〈书〉同“矿”，不收,✓,
U+5372,卲,,,,,,,,,,,,,〈书〉同“劭”，不收,✓,✓
U+537C,卼,,,,,,,✓,《周易》困于葛藟，于臲卼,,,,,〈书〉,✓,
U+5394,厔,,,✓,盩厔（陕西西安，旧）,,,,,,,,,,✓,✓
U+53E1,叡,,,,,,,,,✓,曹叡,,,,✓,
U+540B,吋,,,,,✓,吋,,,,,,,英寸，旧用法,✓,✓
U+5425,吥,,,✗,唝吥（柬埔寨）,,,,,,,,,今译“贡布”，不收,✓,✓
U+542A,吪,,,,,,,,,,,,,〈书〉用例暂缺,✓,
U+5430,吰,,,,,,,✓,《石钟山记》噌吰如钟鼓不绝,,,,,,✓,
U+544E,呎,,,,,✓,呎,,,,,,,英尺，旧用法,✓,✓
U+545D,呝,,,,,,,,,,,,,〈书〉同“呃”，不收,✓,
U+5470,呰,,,,,,,,,,,,,〈书〉 同“訾”“啙”，不收,✓,
U+5474,呴,,,,,,,✓,《庄子》吹呴呼吸,✓,呴犁湖单于,,,〈书〉,✓,
U+5491,咑,✓,啲咑,,,,,,,,,,,,✓,✓
U+54AE,咮,,,,,,,✓,《诗经》不濡其咮,,,,,〈书〉,✓,✓
U+54B7,咷,✗,号咷,,,,,,,,,,,同“号啕”，可不收,✓,✓
U+54B9,咹,,,,,,,,,,,,,同“唵”，不收,✓,
U+5508,唈,,,,,,,,,,,,,〈书〉同“悒”，不收,✓,
U+5517,唗,✓,唗,,,,,,,,,,,怒斥声（多见于早期白话）,✓,✓
U+5521,唡,,,,,,,,,,,,啢,英两，旧用法，现用“盎司”，不收,✓,✓
U+552B,唫,,,,,,,,,,,,,〈书〉同“吟”，不收,✓,
U+5536,唶,,,,,,,,,,,,,用例暂缺,,✓
U+5548,啈,,,,,,,,,,,,,〈书〉用例暂缺,✓,✓
U+5559,啙,,,,,,,✓,啙窳,,,,,〈书〉,✓,
U+556F,啯,,,,,,,,,,,,嘓,,,✓
U+558C,喌,,,,,,,✓,喌音,,,,,,✓,
U+5593,喓,,,,,,,✓,《诗经》喓喓草虫,,,,,〈书〉,✓,
U+55A8,喨,✗,嘹喨,,,,,,,,,,,同“嘹亮”，可不收,✓,
U+55AD,喭,,,,,,,✓,《论语》师也辟，由也喭,,,,,〈书〉,✓,
U+55C8,嗈,,,,,,,,,,,,,〈书〉用例暂缺,✓,
U+55D9,嗙,✓,胡吹乱嗙,✓,哪嗙社区（贵州黔南）,,,,,,,,,〈方〉,✓,✓
U+55DB,嗛,,,,,,,,,,,,,〈古〉用例暂缺，又同“谦”“歉”,✓,✓
U+55FB,嗻,✓,嗻,,,,,✓,《阿苏嗻》,,,,,,✓,✓
U+5612,嘒,,,,,,,✓,《诗经》嘒彼小星,,,,,,✓,
U+561D,嘝,,,,,,,,,,,,,蒲式耳，旧用法，不收,✓,
U+5646,噆,,,,,,,✓,《庄子》蚊虻噆肤,,,,,〈书〉,✓,✓
U+564F,噏,,,,,,,,,,,,,同“吸”，不收,✓,✓
U+566D,噭,,,,,,,✓,《庄子》而我噭噭然随而哭之,,,,,,✓,
U+5677,噷,✓,噷,,,,,,,,,,,叹词hm,✓,✓
U+5683,嚃,,,,,,,,,,,,,〈书〉用例暂缺,✓,
U+569C,嚜,✓,嚜,,,,,✓,双妹嚜,,,,,,✓,
U+56CF,囏,,,,,,,,,✓,姬囏,,,〈书〉同“艰”,✓,
U+56E5,囥,✓,囥起来,,,,,,,,,,,〈方〉,✓,
U+56EE,囮,✓,囮子,✓,竹囮村（浙江丽水）,,,✓,《囮物语》,,,,,,✓,✓
U+5702,圂,,,,,,,,,,,,,〈书〉用例暂缺,✓,✓
U+5762,坢,,,,,,,,,,,,,〈方〉用例暂缺,✓,
U+5787,垇,,,✓,黄垇乡（江西吉安）,,,,,,,,,同“坳”,✓,✓
U+579D,垝,,,,,,,✓,《诗经》乘彼垝垣,,,,,〈书〉,✓,
U+57BD,垽,,,,,,,,,,,,,〈书〉用例暂缺,✓,
U+57EE,埮,,,,,,,,,✓,陆埮,,,,✓,✓
U+57FB,埻,,,,,,,,,,,,,〈书〉用例暂缺,✓,✓
U+5804,堄,,,,,,,✓,埤堄,,,,,〈书〉,✓,✓
U+5829,堩,,,,,,,,,,,,,〈书〉用例暂缺,✓,
U+5836,堶,,,,,,,,,,,,,〈书〉用例暂缺,✓,
U+5843,塃,✓,背塃,,,,,,,,,,,〈方〉,✓,✓
U+5848,塈,,,,,,,✓,《诗经》民之攸塈,,,,,〈书〉,✓,✓
U+5855,塕,,,,,,,,,,,,,〈方〉用例暂缺,✓,
U+5868,塨,,,,,,,,,✓,李塨,,,,✓,✓
U+586E,塮,,,,,,,,,,,,,〈方〉用例暂缺,✓,
U+587D,塽,,,,,,,,,✓,郑克塽,,,〈书〉,✓,
U+58AC,墬,,,,,,,✓,《楚辞》墬何故以东南倾,,,,,〈书〉同“地”,✓,
U+58BA,墺,,,✓,垟墺村（浙江台州）,,,,,✓,朱瞻墺,,,〈书〉〈方〉,✓,
U+5912,夒,,,,,,,,,,,,,〈书〉同“猱”，不收,✓,
U+593F,夿,,,✓,奤夿屯村（北京昌平）,,,,,,,,,,✓,✓
U+5940,奀,✓,奀细,,,,,,,,,,,〈方〉,✓,
U+5945,奅,✓,大奅佬,,,,,,,,,,,〈书〉〈方〉,✓,✓
U+5964,奤,✓,老奤儿,✓,奤夿屯村（北京昌平）、南老奤村（吉林四平）,,,,,,,,,,✓,✓
U+5970,奰,,,,,,,✓,《诗经》内奰于中国,,,,,〈书〉,✓,
U+59B8,妸,,,,,,,,,✓,《庄子》妸荷甘、林润妸,,,〈书〉同“婀”,✓,
U+59BA,妺,,,,,,,,,✓,妺喜,,,,✓,✓
U+59C1,姁,,,,,,,,,,,,,〈书〉用例暂缺,✓,✓
U+5A12,娒,✓,温州娒,,,,,,,,,,,,✓,
U+5A16,娖,,,,,,,,,,,,,〈书〉用例暂缺,✓,✓
U+5A2D,娭,✓,娭毑,,,,,,,,,,,〈书〉〈方〉,✓,
U+5A57,婗,,,,,,,,,,,,,〈书〉用例暂缺,✓,
U+5A65,婥,,,,,,,,,✓,《大唐双龙传》傅君婥,,,同“绰”,✓,
U+5A95,媕,,,,,,,✓,《石鼓歌》讵肯感激徒媕婀,,,,,〈书〉,✓,
U+5A9F,媟,,,,,,,,,,,,,〈书〉用例暂缺,✓,
U+5AA0,媠,,,,,,,,,,,,,〈书〉同“惰”，不收,✓,
U+5AA2,媢,,,,,,,✓,《大学》媢疾以恶之,,,,,〈书〉,✓,
U+5ACF,嫏,,,,,,,✗,嫏嬛,,,,,同“琅嬛”，可不收,✓,✓
U+5ADB,嫛,,,,,,,,,,,,,〈书〉用例暂缺,✓,
U+5AF3,嫳,,,,,,,,,,,,,〈书〉用例暂缺,✓,
U+5B0E,嬎,✓,嬎蛋,,,,,,,,,,,〈方〉,✓,
U+5BAD,宭,,,,,,,,,✓,严学宭,,,〈书〉,✓,
U+5BC0,寀,,,✓,寀卢村（浙江金华）,,,,,✓,黄居寀、王之寀,,,又同“采”,✓,
U+5BD4,寔,,,,,,,✓,《千字文》多士寔宁,✓,张寔,,,〈书〉又同“实”,✓,✓
U+5BEF,寯,,,,,,,,,✓,童寯、祁寯藻,,,〈书〉同“俊”,✓,
U+5BF1,寱,,,,,,,,,,,,,〈书〉同“呓”，不收,✓,
U+5C44,屄,✓,傻屄,,,,,,,,,,,,✓,✓
U+5C4C,屌,✓,屌丝,,,,,,,,,,,,✓,✓
U+5C5F,屟,,,,,,,,,,,,,〈书〉用例暂缺,✓,
U+5C72,屲,,,✓,狼叫屲遗址（甘肃天水）,,,,,,,,,〈方〉,✓,
U+5C95,岕,,,✓,龙头岕窑址（江苏无锡）,,,,,,,,,〈方〉,✓,✓
U+5CA7,岧,,,,,,,,,,,,,〈书〉用例暂缺,✓,✓
U+5CC7,峇,,,✓,峇厘岛（印尼）,,,✓,峇峇娘惹,,,,,今译“巴厘岛”,✓,
U+5CEC,峬,,,,,,,,,,,,,〈书〉用例暂缺,✓,
U+5D95,嶕,,,✓,嶕峣山（山西晋城）,,,,,,,,,〈书〉,✓,
U+5DB0,嶰,,,,,,,,,,,,,〈书〉用例暂缺,✓,
U+5DCE,巎,,,,,,,,,✓,康里巎巎,,,〈书〉同“峱”,✓,✓
U+5DFF,巿,,,,,,,,,✓,田巿、周巿,,,〈书〉同“黻”,✓,
U+5E0A,帊,,,,,,,,,,,,,〈书〉同“帕”，不收,✓,
U+5E23,帣,,,,,,,,,,,,,〈书〉用例暂缺,✓,
U+5E29,帩,,,,,,,✗,帩头,,,,,同“幧头”，可不收,✓,
U+5E35,帵,,,,,,,,,,,,,〈方〉用例暂缺,✓,✓
U+5E48,幈,,,,,,,,,,,,,〈书〉同“屏”，不收,✓,
U+5E4E,幎,,,,,,,✓,幎目缀玉,,,,,〈书〉同“幂”,✓,
U+5E67,幧,,,,,,,✓,幧头,,,,,,✓,
U+5E68,幨,,,,,,,,,,,,,〈书〉用例暂缺,✓,
U+5E70,幰,,,,,,,,,,,,,〈书〉用例暂缺,✓,
U+5EAF,庯,,,✓,庯宪（越南，旧）,,,,,,,,,〈书〉,✓,
U+5F0C,弌,,,,,,,,,,,,,同“一”，不收,✓,✓
U+5F0D,弍,,,,,,,,,,,,,同“二”，不收,✓,✓
U+5F0E,弎,,,,,,,,,,,,,同“三”，不收,✓,✓
U+5F1D,弝,,,,,,,,,,,,,用例暂缺,✓,
U+5F2E,弮,,,,,,,,,,,,,〈书〉用例暂缺,✓,
U+5FAF,徯,,,,,,,✓,《徯我后》,,,,,〈书〉又同“蹊”,✓,✓
U+5FD3,忓,,,,,,,,,,,,,〈书〉用例暂缺,✓,
U+5FE3,忣,,,,,,,,,,,,,〈书〉同“急”，不收,✓,
U+5FE8,忨,,,,,,,,,,,,,〈书〉用例暂缺,✓,
U+6017,怗,,,,,,,,,,,,,〈书〉用例暂缺,✓,✓
U+6039,怹,✓,怹,,,,,,,,,,,〈方〉“他”的敬称,✓,✓
U+6047,恇,,,,,,,,,,,,,〈书〉用例暂缺,✓,
U+605F,恟,,,,,,,,,,,,,〈书〉用例暂缺,✓,
U+6082,悂,,,,,,,,,,,,,〈书〉用例暂缺,✓,
U+6095,悕,,,,,,,,,,,,,〈书〉用例暂缺,✓,
U+60BE,悾,,,,,,,✓,《论语》悾悾而不信,,,,,〈书〉,✓,
U+60C4,惄,,,,,,,✓,《诗经》惄焉如捣,,,,,〈书〉,✓,
U+60D3,惓,,,,,,,,,,,,,〈书〉同“拳”，不收,✓,
U+60F5,惵,,,,,,,,,,,,,〈书〉用例暂缺,✓,
U+60FC,惼,,,,,,,✓,《庄子》虽有惼心之人，不怒,,,,,〈书〉,✓,
U+610A,愊,,,,,,,,,,,,,〈书〉用例暂缺,✓,
U+6112,愒,,,,,,,✓,《诗经》汔可小愒,,,,,〈书〉,✓,
U+6119,愙,,,,,,,,,,,,,〈书〉同“恪”，不收,✓,
U+612C,愬,,,,,,,✓,《诗经》薄言往愬,✓,李愬,,,,✓,✓
U+6141,慁,,,,,,,,,,,,,〈书〉用例暂缺,✓,
U+6153,慓,,,,,,,,,,,,,〈书〉同“剽”，不收,✓,✓
U+615C,慜,,,,,,,✓,《楚辞》离慜而长鞠,✓,孙兴慜,,,〈书〉,✓,
U+6160,慠,,,,,,,,,,,,,〈书〉同“傲”，不收,✓,
U+6183,憃,,,,,,,✓,《楚辞》憃怅立兮涕滂沲,,,,,,✓,
U+618F,憏,,,,,,,✗,㤞憏,,,,,同“侘傺”，可不收,✓,
U+6193,憓,,,,,,,,,✓,金憓秀、江旻憓,,,〈书〉同“惠”,✓,
U+61AF,憯,,,,,,,✓,《诗经》胡憯莫惩,,,,,〈书〉同“惨”,✓,
U+61B1,憱,,,,,,,,,,,,,〈书〉用例暂缺,✓,
U+61C1,懁,,,,,,,✓,《庄子》有慎懁而达,,,,,〈书〉,✓,
U+61C6,懆,,,,,,,✓,《诗经》念子懆懆,,,,,〈书〉,✓,
U+6260,扠,,,,,,,,,,,,,同“叉”，不收,✓,✓
U+6264,扤,✓,扤头,,,,,✓,《诗经》天之扤我,,,,,〈书〉〈方〉,✓,
U+6286,抆,,,,,,,✓,《楚辞》孤子吟而抆泪兮,,,,,〈书〉,✓,✓
U+6288,抈,✓,桑树从小抈,,,,,,,,,,,〈书〉〈方〉,✓,
U+628F,抏,,,,,,,,,,,,,〈书〉用例暂缺,✓,
U+62B6,抶,,,,,,,,,,,,,〈书〉用例暂缺,✓,
U+631C,挜,✓,挜拃,,,,,,,,,,掗,〈方〉,✓,✓
U+6336,挶,,,,,,,,,,,,,〈书〉用例暂缺,✓,
U+633C,挼,✓,挼,,,,,,,,,,,〈方〉,✓,✓
U+6358,捘,,,,,,,,,,,,,〈书〉用例暂缺,✓,
U+635D,捝,,,,,,,,,,,,挩,〈书〉用例暂缺,✓,
U+6366,捦,,,,,,,,,,,,,〈书〉同“擒”，不收,✓,
U+6374,捴,,,,,,,,,,,,,〈书〉同“总”，不收,✓,
U+6375,捵,,,,,,,,,,,,,〈书〉用例暂缺,✓,✓
U+63AF,掯,✓,掯住,,,,,,,,,,,〈方〉,✓,✓
U+63B1,掱,✗,掱手,,,,,,,,,,,同“扒手”，可不收,✓,✓
U+63B9,掹,✓,掹衫尾,,,,,✓,《鬼掹脚》,,,,,,✓,
U+63C3,揃,,,,,,,,,,,,,〈书〉用例暂缺,✓,
U+63C5,揅,,,,,,,,,,,,,〈书〉同“研”，不收,✓,
U+63CC,揌,,,,,,,,,,,,,〈书〉同“塞”，不收,✓,✓
U+63E2,揢,✓,大网揢鱼,,,,,,,,,,,〈方〉,✓,✓
U+63E6,揦,✓,揦屎上身,,,,,,,,,,,〈方〉,✓,
U+63FB,揻,✓,揻,,,✓,揻弯,,,,,,,〈方〉,✓,
U+63FE,揾,✓,揾食,,,,,✓,《水龙吟·登建康赏心亭》揾英雄泪,,,,搵,〈书〉,✓,✓
U+6409,搉,,,,,,,,,,,,,〈书〉又同“榷”,✓,✓
U+6415,搕,✓,搕烟袋,,,,,,,,,,,,✓,✓
U+6422,搢,,,,,,,,,✓,吴玉搢,,,〈书〉,✓,✓
U+6430,搰,,,,,,,✓,《庄子》搰搰然用力甚多而见功寡,,,,,〈书〉,✓,
U+6433,搳,✗,搳拳,,,,,,,,,,,同“划拳”，可不收,✓,✓
U+64B4,撴,✓,撴花,,,,,,,,,,,〈方〉,✓,✓
U+64BD,撽,,,,,,,✓,《庄子》撽以马捶,,,,,〈书〉,✓,
U+64D6,擖,✓,擖手,,,,,,,,,,,〈口〉今作“推手”,✓,✓
U+64E9,擩,✓,擩进去,,,,,,,,,,,〈方〉,✓,✓
U+6532,攲,,,,,,,,,,,,,〈书〉同“欹”，不收,✓,✓
U+6541,敁,✗,敁敠,,,,,,,,,,,同“掂掇”，可不收,,✓
U+655A,敚,,,,,,,,,,,,敓,〈书〉同“夺”，不收,✓,
U+6560,敠,✗,敁敠,,,,,,,,,,,同“掂掇”，可不收,,✓
U+6592,斒,,,,,,,✗,斒斓,,,,,同“斑斓”，可不收,✓,
U+65A2,斢,✓,斢换,✓,毛三斢村（浙江宁波）,,,,,,,,,〈方〉,✓,
U+65A8,斨,,,,,,,✓,《诗经》取彼斧斨,,,,,,✓,✓
U+65BF,斿,,,,,,,✓,九斿、曾仲斿父壶,,,,,〈书〉,✓,
U+65C2,旂,,,,,,,✓,《诗经》龙旂承祀,,,,,,✓,✓
U+661A,昚,,,,,,,,,✓,赵昚,,,同“慎”,✓,✓
U+6630,昰,,,,,,,,,✓,赵昰,,,同“是”,✓,✓
U+666C,晬,✓,做晬,,,,,,,,,,,,✓,✓
U+6679,晹,,,✓,晹村（安徽黄山）,,,,,,,,,,✓,
U+667B,晻,,,,,,,✓,《楚辞》日晻晻而下颓,,,,,〈书〉,✓,
U+668B,暋,,,,,,,✓,《庄子》慰暋沉屯,,,,,〈书〉,✓,
U+668D,暍,,,,,✓,《金匮要略》暍病,,,,,,,〈书〉,✓,✓
U+66A0,暠,,,,,,,,,✓,刘暠,,,〈书〉,✓,
U+66C0,曀,,,,,,,✓,《诗经》终风且曀,✓,张曀仆,,,〈书〉,✓,
U+66DA,曚,,,,,,,✓,曚昽,,,,,〈书〉不同于“朦胧”,✓,✓
U+66F6,曶,,,,,,,✓,曶鼎,,,,,,,✓
U+6705,朅,,,✓,朅盘陀国（古）,,,✓,《诗经》庶士有朅,,,,,〈书〉,✓,✓
U+6712,朒,,,,,✓,《隋书·律历志上》朒数,,,,,,,〈书〉,✓,✓
U+6718,朘,✓,朘仔,,,,,✓,《老子》未知牝牡之合而朘作,,,,,〈书〉〈方〉,✓,✓
U+6723,朣,✓,火朣,,,,,✓,朣朦,,,,,〈书〉,✓,
U+675D,杝,,,,,,,,,,,,,〈书〉同“篱”，不收,✓,
U+678A,枊,,,,,,,,,,,,,〈书〉用例暂缺,✓,
U+6791,枑,,,,,,,✓,梐枑,,,,,,✓,✓
U+6793,枓,,,,,,,✗,枓拱、枓栱,,,,,同“斗拱”，可不收,✓,
U+67BB,枻,,,,,,,✓,《楚辞》桂棹兮兰枻,,,,,〈书〉,✓,
U+67C2,柂,,,,,,,,,,,,,〈书〉同“舵”，不收,✓,
U+67CE,柎,,,,,,,,,,,,,〈书〉用例暂缺,✓,
U+67EE,柮,✓,榾柮,,,,,,,,,,,〈方〉,✓,✓
U+67F2,柲,,,,,,,✓,柲帽,,,,,〈书〉,✓,
U+6818,栘,,,,,✓,栘𣐿,,,,,,,,✓,
U+682D,栭,,,,,,,,,,,,,〈书〉用例暂缺,✓,
U+6831,栱,,,,,,,✗,枓栱,,,,,同“斗拱”，可不收,✓,
U+683F,栿,,,,,,,,,,,,,〈书〉用例暂缺,✓,✓
U+686E,桮,,,,,,,,,,,,,同“杯”，不收,✓,
U+6875,桵,,,,,,,,,,,,,用例暂缺,✓,
U+687C,桼,,,,,,,,,,,,,〈书〉同“漆”，不收,✓,
U+6890,梐,,,,,,,✓,梐枑,,,,,,✓,✓
U+68A9,梩,,,,,,,,,,,,,〈书〉用例暂缺,✓,
U+68AB,梫,,,,,,,,,,,,,用例暂缺,✓,✓
U+68AE,梮,,,,,,,,,,,,,〈书〉用例暂缺,✓,
U+68D1,棑,,,,,,,,,,,,,同“排”，不收,✓,✓
U+68D4,棔,,,,,,,✓,《棔柿楼读书记》,,,,,,✓,
U+6907,椇,,,,,✓,枳椇,,,,,,,,✓,
U+6925,椥,,,✓,槟椥省（越南）,,,,,,,,,,✓,✓
U+6933,椳,,,,,,,,,,,,,〈书〉用例暂缺,✓,
U+695B,楛,,,,,,,✓,《诗经》榛楛济济,,,,,,✓,
U+6962,楢,,,✓,楢叶町（日本）,,,✓,《楢山节考》,✓,楢桥美纪,,,,✓,
U+696C,楬,,,,,,,✓,木楬,✓,朱祐楬,,,〈书〉,✓,✓
U+698E,榎,,,✓,榎町（日本）,,,,,✓,榎本武扬,,,同“槚”,✓,
U+69A0,榠,,,✓,榠楂祖庙（浙江宁波）,,,,,,,,,,✓,
U+69A4,榤,,,,,,,,,✓,张家榤,,,〈书〉,✓,
U+69A5,榥,,,,,,,,,✓,宁榥,,,〈书〉,✓,
U+69BC,榼,,,,,✓,榼藤,,,,,,,,✓,✓
U+69BE,榾,✓,榾柮,,,,,,,,,,,〈方〉,✓,✓
U+69C5,槅,,,,,,,✗,槅扇、多宝槅,,,,,同“隔扇” “多宝阁”，可不收,✓,
U+69E5,槥,,,,,,,,,,,,,〈书〉用例暂缺,✓,✓
U+69F7,槷,,,,,,,✓,槷表,,,,,〈书〉,✓,
U+69FA,槺,✓,榔槺,✓,槺榔里（台湾台中）,,,,,,,,,,✓,
U+6A00,樀,,,,,,,,,,,,,〈书〉用例暂缺,✓,
U+6A0B,樋,,,✓,樋岛（日本）,,,,,✓,樋口一叶、朱拱樋,,,,,✓
U+6A1B,樛,,,,,,,,,,,,,,✓,
U+6A64,橤,,,,,,,,,,,,,,✓,✓
U+6AB5,檵,,,,,,,,,,,,,,✓,✓
U+6ADC,櫜,,,,,,,,,,,,,,✓,
U+6AF6,櫶,,,,,,,,,,,,,,,✓
U+6AFC,櫼,,,,,,,,,,,,,,✓,✓
U+6B0B,欋,,,,,,,,,,,,,,✓,
U+6B19,欙,,,,,,,,,,,,,,✓,
U+6B2C,欬,,,,,,,,,,,,,,✓,✓
U+6B3F,欿,,,,,,,,,,,,,,✓,
U+6B48,歈,,,,,,,,,,,,,,✓,
U+6B54,歔,,,,,,,,,,,,,,✓,✓
U+6B60,歠,,,,,,,,,,,,,,✓,✓
U+6BA0,殠,,,,,,,,,,,,,,✓,
U+6BBD,殽,,,,,,,,,,,,,,✓,✓
U+6BD1,毑,✓,娭毑,,,,,,,,,,,〈方〉,✓,
U+6BE8,毨,,,,,,,,,,,,,,✓,
U+6BF0,毰,,,,,,,,,,,,,,✓,
U+6BF7,毷,,,,,,,,,,,,,,✓,
U+6BF8,毸,,,,,,,,,,,,,,✓,
U+6C09,氉,,,,,,,,,,,,,,✓,
U+6C39,氹,,,✓,氹仔（澳门）,,,,,,,,,,✓,✓
U+6C4D,汍,,,,,,,,,,,,,,✓,✓
U+6C4F,汏,,,,,,,,,,,,,,✓,
U+6C95,沕,,,,,,,,,,,,,,✓,✓
U+6CAC,沬,,,,,,,,,,,,,,✓,
U+6CB4,沴,,,,,,,,,,,,,,✓,
U+6CB5,沵,,,,,,,,,,,,,,✓,
U+6CC6,泆,,,,,,,,,,,,,,✓,✓
U+6D0F,洏,,,,,,,,,,,,,,✓,✓
U+6D1F,洟,,,,,,,,,,,,,,✓,
U+6D8A,涊,,,,,,,,,,,,,,✓,
U+6DE9,淩,,,,,,,,,,,,,,,✓
U+6E62,湢,,,,,,,,,,,,,,✓,
U+6E66,湦,,,,,,,,,,,,,,✓,
U+6E67,湧,,,,,,,,,,,,,,✓,
U+6E68,湨,,,,,,,,,,,,,,✓,✓
U+6EC0,滀,,,,,,,,,,,,,,✓,✓
U+6EC8,滈,,,,,,,,,,,,,,✓,✓
U+6EEE,滮,,,,,,,,,,,,,,✓,
U+6F18,漘,,,,,,,,,,,,,,✓,
U+6F27,漧,,,,,,,,,,,,,,✓,
U+6F53,潓,,,,,,,,,,,,,,✓,
U+6F5D,潝,,,,,,,,,,,,,,,✓
U+6F94,澔,,,,,,,,,,,,,,✓,
U+6FA8,澨,,,,,,,,,,,,,,✓,
U+6FEC,濬,,,,,,,,,,,,,,✓,
U+7001,瀁,,,,,,,,,,,,,,,✓
U+703D,瀽,,,,,,,,,,,,,,✓,✓
U+704A,灊,,,,,,,,,,,,,,✓,
U+707A,灺,,,,,,,,,,,,,,✓,✓
U+7081,炁,,,,,,,,,,,,,,✓,✓
U+7105,焅,,,,,,,,,,,,,,✓,
U+712E,焮,,,,,,,,,,,,,,✓,✓
U+714F,煏,,,,,,,,,,,,,,✓,
U+7156,煖,,,,,,,,,,,,,,✓,
U+715A,煚,,,,,,,,,,,,,,✓,✓
U+7163,煣,,,,,,,,,,,,,,✓,✓
U+71AF,熯,,,,,,,,,,,,,,✓,
U+71B8,熸,,,,,,,,,,,,,,✓,
U+71BA,熺,,,,,,,,,,,,,,✓,
U+71C2,燂,,,,,,,,,,,,,,✓,
U+720A,爊,,,,,,,,,,,,,,✓,✓
U+7263,牣,,,,,,,,,,,,,,✓,✓
U+7277,牷,,,,,,,,,,,,,,,✓
U+7278,牸,,,,,,,,,,,,,,✓,✓
U+7297,犗,,,,,,,,,,,,,,,✓
U+72BC,犼,,,,,,,,,,,,,,✓,
U+72CC,狌,,,,,,,,,,,,,,✓,
U+72D3,狓,,,,,,,,,,,,,,✓,
U+72D6,狖,,,,,,,,,,,,,,✓,✓
U+72FE,狾,,,,,,,,,,,,,,✓,
U+730B,猋,,,,,,,,,,,,,,✓,
U+7332,猲,,,,,,,,,,,,,,✓,
U+7349,獉,,,,,,,,,,,,,,✓,
U+7355,獕,,,,,,,,,,,,,,✓,
U+738D,玍,,,,,,,,,,,,,,✓,✓
U+738F,玏,,,,,,,,,,,,,,✓,
U+7397,玗,,,,,,,,,,,,,,✓,
U+73B5,玵,,,,,,,,,,,,,,,✓
U+73D3,珓,,,,,,,,,,,,,,✓,
U+744A,瑊,,,,,,,,,,,,,,✓,✓
U+7485,璅,,,,,,,,,,,,,,✓,
U+74DD,瓝,,,,,,,,,,,,,,✓,
U+74E9,瓩,,,,,,,,,,,,,,✓,✓
U+7503,甃,,,,,,,,,,,,,,✓,✓
U+7514,甔,,,,,,,,,,,,,,✓,
U+7547,畇,,,,,,,,,,,,,,✓,✓
U+7551,畑,,,,,,,,,✓,畑俊六,✓,,,✓,✓
U+7560,畠,,,,,,,,,✓,畠山义纲,✓,,,✓,
U+758C,疌,,,,,,,,,,,,,,✓,
U+7595,疕,,,,,,,,,,,,,,✓,
U+75A7,疧,,,,,,,,,,,,,,✓,
U+75BB,疻,,,,,,,,,,,,,,,✓
U+75C1,痁,,,,,,,,,,,,,,✓,✓
U+75CE,痎,,,,,,,,,,,,,,✓,✓
U+75CF,痏,,,,,,,,,,,,,,✓,✓
U+75D7,痗,,,,,,,,,,,,,,✓,
U+75E1,痡,,,,,,,,,,,,,,✓,
U+75EF,痯,,,,,,,,,,,,,,✓,
U+75F3,痳,,,,,,,,,,,,,,✓,
U+7604,瘄,,,,,,,,,,,,,,✓,
U+7608,瘈,,,,,,,,,,,,,,✓,✓
U+760F,瘏,,,,,,,,,,,,,,✓,
U+761C,瘜,,,,,,,,,,,,,,✓,
U+761D,瘝,,,,,,,,,,,,,,✓,✓
U+7659,癙,,,,,,,,,,,,,,✓,
U+7683,皃,,,,,,,,,,,,,,✓,✓
U+769D,皝,,,,,,,,,✓,慕容皝,,,,✓,✓
U+76A0,皠,,,,,,,,,,,,,,✓,
U+76DD,盝,,,,,,,,,,,,,,,✓
U+76E9,盩,,,✓,盩厔（陕西，旧）,,,,,,,,,,✓,✓
U+76EC,盬,,,,,,,,,,,,,,✓,
U+76ED,盭,,,,,,,,,,,,,,✓,
U+76FB,盻,,,,,,,,,,,,,,✓,✓
U+771C,眜,,,,,,,,,,,,,,✓,
U+773D,眽,,,,,,,,,,,,,,✓,
U+7745,睅,,,,,,,,,,,,,,✓,
U+7746,睆,,,,,,,,,,,,,,✓,✓
U+774A,睊,,,,,,,,,,,,,,✓,
U+774B,睋,,,,,,,,,,,,,,✓,
U+7756,睖,,,,,,,,,,,,,,✓,✓
U+775F,睟,,,,,,,,,,,,,,✓,
U+7769,睩,,,,,,,,,,,,,,✓,
U+777A,睺,,,,,,,,,,,,,,✓,
U+77DF,矟,,,,,,,,,,,,,,✓,
U+77F1,矱,,,,,,,,,,,,,,✓,✓
U+7822,砢,,,,,,,,,,,,,,✓,
U+7860,硠,,,,,,,,,,,,,,✓,
U+7875,硵,,,,,,,,,,,,磠,,,✓
U+7894,碔,,,,,,,,,,,,,,✓,
U+78AB,碫,,,,,,,,,,,,,,✓,
U+78C8,磈,,,,,,,,,,,,,,✓,
U+78CE,磎,,,,,,,,,,,,,,✓,
U+7903,礃,,,,,,,,,,,,,,✓,✓
U+7933,礳,,,,,,,,,,,,,,✓,✓
U+793D,礽,,,,,,,,,,,,,,✓,✓
U+7954,祔,,,,,,,,,,,,,,✓,
U+796B,祫,,,,,,,,,,,,,,✓,
U+7996,禖,,,,,,,,,,,,,,✓,
U+79A5,禥,,,,,,,,,,,,,,✓,
U+79AB,禫,,,,,,,,,,,,,,✓,
U+7A16,稖,,,,,,,,,,,,,,✓,
U+7A28,稨,,,,,,,,,,,,,,✓,
U+7A40,穀,,,,,,,,,,,,,,✓,
U+7A4A,穊,,,,,,,,,,,,,,✓,
U+7A6E,穮,,,,,,,,,,,,,,✓,
U+7A75,穵,,,,,,,,,,,,,,✓,
U+7A8C,窌,,,,,,,,,,,,,,✓,✓
U+7ABE,窾,,,,,,,,,,,,,,✓,✓
U+7ADC,竜,,,,,,,,,,,,,,✓,
U+7B22,笢,,,,,,,,,,,,,,✓,
U+7B2D,笭,,,,,,,,,,,,,,✓,
U+7B34,笴,,,,,,,,,,,,,,✓,
U+7B48,筈,,,,,,,,,,,,,,✓,
U+7B4A,筊,,,,,,,,,,,,,,✓,
U+7B6D,筭,,,,,,,,,,,,,,✓,✓
U+7B84,箄,,,,,,,,,,,,,,✓,
U+7B91,箑,,,,,,,,,,,,,,✓,✓
U+7B99,箙,,,,,,,,,,,,,,✓,✓
U+7BA3,箣,,,,,,,,,,,,,,✓,
U+7BAF,箯,,,,,,,,,,,,,,✓,
U+7BB5,箵,,,,,,,,,,,,,,✓,
U+7BC5,篅,,,,,,,,,,,,,,✓,✓
U+7BE8,篨,,,,,,,,,,,,,,✓,✓
U+7BF0,篰,,,,,,,,,,,,,,✓,
U+7C28,簨,,,,,,,,,,,,,,✓,
U+7C5D,籝,,,,,,,,,,,,,,✓,✓
U+7C67,籧,,,,,,,,,,,,,,✓,✓
U+7C70,籰,✓,籰子,,,,,,,,,,,〈方〉,✓,✓
U+7C79,籹,,,,,,,,,,,,,,✓,
U+7C94,粔,,,,,,,,,,,,,,✓,
U+7F3F,缿,,,,,,,,,,,,,,✓,
U+7F5B,罛,,,,,,,,,,,,,,✓,
U+7F5D,罝,,,,,,,,,,,,,,✓,
U+7F63,罣,,,,,,,,,,,,,,✓,
U+7F65,罥,,,,,,,,,,,,,,✓,✓
U+7F66,罦,,,,,,,,,,,,,,✓,✓
U+7F6D,罭,,,,,,,,,,,,,,✓,
U+7F73,罳,,,,,,,,,,,,,,✓,✓
U+7F7B,罻,,,,,,,,,,,,,,✓,
U+7F7F,罿,,,,,,,,,,,,,,✓,
U+800E,耎,,,,,,,,,,,,,,✓,
U+8032,耲,,,,,,,,,,,,,,✓,✓
U+808F,肏,✓,我肏,,,,,,,,,,,,✓,
U+80D4,胔,,,,,,,,,,,,,,✓,✓
U+80F5,胵,,,,,,,,,,,,,,✓,
U+80F9,胹,,,,,,,,,,,,,,✓,
U+80FE,胾,,,,,,,,,,,,,,✓,✓
U+811D,脝,,,,,,,,,,,,,,✓,✓
U+8121,脡,,,,,,,,,,,,,,✓,
U+8122,脢,,,,,,,,,,,,,,✓,✓
U+8126,脦,,,,,,,,,,,,,,✓,✓
U+8130,脰,,,,,,,,,,,,,,✓,✓
U+8164,腤,,,,,,,,,,,,,,✓,
U+8177,腷,,,,,,,,,,,,,,✓,
U+8187,膇,,,,,,,,,,,,,,✓,✓
U+818D,膍,,,,,,,,,,,,,,✓,
U+8197,膗,,,,,,,,,,,,,,✓,✓
U+81B0,膰,,,,,,,,,,,,,,✓,✓
U+81B5,膵,,,,,,,,,,,,,,✓,✓
U+81DB,臛,,,,,,,,,,,,,,✓,
U+81DE,臞,,,,,,,,,,,,,,✓,✓
U+81F2,臲,,,,,,,✓,《周易》困于葛藟，于臲卼,,,,,〈书〉,✓,
U+81FA,臺,,,,,,,,,,,,,,✓,
U+81FF,臿,,,,,,,,,,,,,,✓,✓
U+820B,舋,,,,,,,,,,,,,,✓,
U+8251,艑,,,,,,,,,,,,,,✓,
U+8255,艕,,,,,,,,,,,,,,✓,
U+8256,艖,,,,,,,,,,,,,,✓,
U+827B,艻,,,,,,,,,,,,,,✓,
U+82A7,芧,,,,,,,,,,,,,,✓,
U+82B6,芶,,,,,,,,,,,,,,✓,✓
U+82C5,苅,,,,,,,,,,,,,,✓,
U+82E2,苢,,,,,,,,,,,,,,✓,✓
U+82F2,苲,,,,,,,,,,,,,,✓,✓
U+82F6,苶,,,,,,,,,,,,,,✓,✓
U+82FD,苽,,,,,,,,,,,,,,✓,✓
U+8316,茖,,,,,,,,,,,,,,✓,
U+8329,茩,,,,,,,,,,,,,,,✓
U+834D,荍,,,,,,,,,,,,,,✓,✓
U+83D1,菑,,,,,,,,,,,,,,✓,✓
U+83F6,菶,,,,,,,,,,,,,,✓,
U+83FB,菻,,,,,,,,,,,,,,✓,
U+83FE,菾,,,,,,,,,,,,,,✓,
U+8453,葓,,,,,,,,,,,,,,✓,
U+8467,葧,,,,,,,,,,,,,,✓,
U+8479,葹,,,,,,,,,,,,,,✓,
U+84A0,蒠,,,,,,,,,,,,,,✓,
U+84E8,蓨,,,,,,,,,,,,,,✓,✓
U+84F7,蓷,,,,,,,,,,,,,,✓,
U+84FA,蓺,,,,,,,,,,,,,,✓,✓
U+8502,蔂,,,,,,,,,,,,虆,,✓,
U+8527,蔧,,,,,,,,,,,,,,✓,✓
U+8590,薐,,,,,,,,,,,,,,✓,
U+8599,薙,,,,,,,,,,,,,,✓,✓
U+85C2,藂,,,,,,,,,,,,,,✓,
U+85CA,藊,,,,,,,,,,,,,,✓,✓
U+85D1,藑,,,,,,,,,,,,,,✓,
U+8661,虡,,,,,,,,,,,,,,✓,
U+8663,虣,,,,,,,,,,,,,,✓,
U+8669,虩,,,,,,,,,,,,,,✓,
U+8683,蚃,,,,,,,,,,,,蠁,,,✓
U+869B,蚛,,,,,,,,,,,,,,✓,
U+86A1,蚡,,,,,,,,,,,,,,✓,✓
U+86BF,蚿,,,,,,,,,,,,,,✓,
U+86C1,蛁,,,,,,,,,,,,,,✓,
U+86E3,蛣,,,,,,,,,,,,,,✓,
U+872F,蜯,,,,,,,,,,,,,,✓,
U+8730,蜰,,,,,,,,,,,,,,,✓
U+873A,蜺,,,,,,,,,,,,,,✓,
U+873C,蜼,,,,,,,,,,,,,,✓,
U+8742,蝂,,,,,,,,,,,,,,✓,
U+8744,蝄,,,,,,,,,,,,,,✓,
U+8780,螀,,,,,,,,,,,,螿,,✓,
U+87B2,螲,,,,,,,,,,,,,,✓,
U+87BE,螾,,,,,,,,,,,,,,✓,
U+87E2,蟢,,,,,,,,,,,,,,✓,✓
U+881A,蠚,,,,,,,,,,,,,,✓,
U+8835,蠵,,,,,,,,,,,,,,✓,
U+884B,衋,,,,,,,,,,,,,,✓,
U+884F,衏,,,,,,,✗,䘕衏,,,,,同“行院”，可不收,✓,
U+8856,衖,,,,,,,,,,,,,,✓,
U+888E,袎,,,,,,,,,,,,,,✓,
U+88BA,袺,,,,,,,,,,,,,,✓,✓
U+88CB,裋,,,,,,,,,,,,,,✓,✓
U+88EF,裯,,,,,,,,,,,,,,✓,
U+890E,褎,,,,,,,,,,,,,,✓,
U+891D,褝,,,,,,,,,,,,,,✓,
U+8926,褦,,,,,,,,,,,,,,✓,✓
U+893E,褾,,,,,,,,,,,,,,✓,
U+8946,襆,,,,,,,,,,,,,,✓,✓
U+896E,襮,,,,,,,,,,,,,,✓,
U+8976,襶,,,,,,,,,,,,,,✓,✓
U+8982,覂,,,,,,,,,,,,,,✓,
U+89CD,觍,,,,,,,,,,,,覥,,✓,✓
U+89FA,觺,,,,,,,,,,,,,,✓,
U+8B37,謷,,,,,,,,,,,,,,✓,✓
U+8B4D,譍,,,,,,,,,,,,,,✓,
U+8BEA,诪,,,,,,,,,,,,譸,,✓,✓
U+8C09,谉,,,,,,,,,,,,讅,,✓,
U+8C40,豀,,,,,,,,,,,,,,✓,
U+8C57,豗,,,,,,,,,,,,,,✓,✓
U+8C6D,豭,,,,,,,,,,,,,,✓,✓
U+8D69,赩,,,,,,,,,,,,,,✓,
U+8D6F,赯,,,,,,,,,,,,,,✓,✓
U+8D78,赸,,,,,,,,,,,,,,✓,✓
U+8D96,趖,,,,,,,,,,,,,,,✓
U+8DBB,趻,,,,,,,,,,,,,,✓,
U+8DC5,跅,,,,,,,,,,,,,,✓,✓
U+8DD4,跔,,,,,,,,,,,,,,✓,
U+8DD5,跕,,,,,,,,,,,,,,✓,
U+8DE9,跩,,,,,,,,,,,,,,✓,✓
U+8DF0,跰,,,,,✗,跰䟡,,,,,,,同“胼胝”，可不收,✓,
U+8DF2,跲,,,,,,,,,,,,,,✓,
U+8E06,踆,,,,,,,,,,,,,,✓,
U+8E16,踖,,,,,,,,,,,,,,✓,✓
U+8E27,踧,,,,,,,,,,,,,,✓,✓
U+8E33,踳,,,,,,,,,,,,,,✓,✓
U+8E38,踸,,,,,,,,,,,,,,✓,
U+8E4D,蹍,,,,,,,,,,,,,,✓,✓
U+8E4E,蹎,,,,,,,,,,,,,,✓,
U+8E53,蹓,,,,,,,,,,,,,,✓,✓
U+8E84,躄,,,,,,,,,,,,,,✓,✓
U+8E88,躈,,,,,,,,,,,,,,✓,
U+8FB5,辵,,,,,,,✓,辵部,,,,,〈书〉,✓,
U+8FBB,辻,,,,,,,,,✓,绫辻行人,✓,,,✓,✓
U+8FCD,迍,,,,,,,,,,,,,,✓,✓
U+8FD2,迒,,,,,,,,,,,,,,✓,✓
U+904C,遌,,,,,,,,,,,,,,✓,
U+905D,遝,,,,,,,,,,,,,,✓,✓
U+9085,邅,,,,,,,,,,,,,,✓,✓
U+90CB,郋,,,,,,,,,,,,,,✓,
U+90D5,郕,,,,,,,,,,,,,,✓,
U+90D9,郙,,,,,,,,,,,,,,✓,
U+910B,鄋,,,,,,,,,,,,,,,✓
U+910F,鄏,,,,,,,,,,,,,,✓,
U+913E,鄾,,,,,,,,,,,,,,✓,
U+9155,酕,,,,,,,,,,,,,,✓,✓
U+9158,酘,,,,,,,,,,,,,,✓,
U+9181,醁,,,,,,,,,,,,,,✓,✓
U+9184,醄,,,,,,,,,,,,,,✓,✓
U+918A,醊,,,,,,,,,,,,,,✓,✓
U+91A1,醡,,,,,,,,,,,,,,✓,
U+91B0,醰,,,,,,,,,,,,,,✓,
U+91BD,醽,,,,,,,,,,,,,,✓,✓
U+92EC,鋬,,,,,,,,,,,,,,✓,✓
U+94D3,铓,,,,,,,,,,,,鋩,,✓,✓
U+94E6,铦,,,,,,,,,,,,銛,,✓,✓
U+95EC,闬,,,,,,,,,,,,閈,,✓,✓
U+9613,阓,,,,,,,,,,,,闠,,✓,✓
U+961B,阛,,,,,,,,,,,,闤,,✓,✓
U+9627,阧,,,,,,,,,,,,,,✓,✓
U+9641,陁,,,,,,,,,,,,,,✓,
U+969E,隞,,,,,,,,,,,,,,✓,
U+969F,隟,,,,,,,,,,,,,,✓,
U+96D8,雘,,,,,,,,,,,,,,✓,
U+96F0,雰,,,,,,,,,,,,,,✓,✓
U+9702,霂,,,,,,,,,,,,,,✓,✓
U+9719,霙,,,,,,,,,,,,,,✓,
U+9721,霡,,,,,,,,,,,,霢,,✓,✓
U+972B,霫,,,,,,,,,,,,,,✓,
U+976A,靪,,,,,,,,,,,,,,✓,
U+9777,靷,,,,,,,,,,,,,,✓,
U+978C,鞌,,,,,,,,,,,,,,✓,✓
U+9793,鞓,,,,,,,,,,,,,,✓,✓
U+979A,鞚,,,,,,,,,,,,,,✓,✓
U+979B,鞛,,,,,,,,,,,,,,✓,
U+979E,鞞,,,,,,,,,,,,,,✓,✓
U+979F,鞟,,,,,,,,,,,,,,✓,
U+97A5,鞥,,,,,,,,,,,,,,✓,✓
U+97B6,鞶,,,,,,,,,,,,,,✓,
U+98A3,颣,,,,,,,,,,,,纇,,✓,✓
U+98D6,飖,,,,,,,,,,,,颻,,✓,✓
U+9964,饤,,,,,,,,,,,,飣,,✓,✓
U+9966,饦,,,,,,,,,,,,飥,,✓,✓
U+997E,饾,,,,,,,,,,,,餖,,✓,✓
U+9982,馂,,,,,,,,,,,,餕,,✓,✓
U+998E,馎,,,,,,,,,,,,餺,,✓,✓
U+9AAB,骫,,,,,,,,,,,,,,✓,
U+9AAD,骭,,,,,,,,,,,,,,✓,✓
U+9AB3,骳,,,,,,,,,,,,,,✓,
U+9AB4,骴,,,,,,,,,,,,,,✓,
U+9AC6,髆,,,,,,,,,,,,,,✓,
U+9AC8,髈,,,,,,,,,,,,,,✓,
U+9AE7,髧,,,,,,,,,,,,,,✓,
U+9AF2,髲,,,,,,,,,,,,,,✓,
U+9AF3,髳,,,,,,,,,,,,,,✓,
U+9B01,鬁,,,,,,,,,,,,,,✓,✓
U+9B05,鬅,,,,,,,,,,,,,,✓,
U+9B07,鬇,,,,,,,,,,,,,,✓,
U+9B0B,鬋,,,,,,,,,,,,,,✓,
U+9B0C,鬌,,,,,,,✓,䰀鬌,,,,,〈书〉,✓,
U+9B0E,鬎,,,,,,,,,,,,,,✓,✓
U+9B10,鬐,,,,,,,,,,,,,,✓,✓
U+9B11,鬑,,,,,,,,,,,,,,✓,
U+9B19,鬙,,,,,,,,,,,,,,✓,
U+9B34,鬴,,,,,,,,,,,,,,✓,✓
U+9E34,鸴,,,,,,,,,,,,鷽,,,✓
U+9E53,鹓,,,,,,,,,,,,鵷,,✓,✓
U+9E65,鹥,,,,,,,,,,,,鷖,,✓,✓
U+9EC1,黁,,,,,,,,,,,,,,✓,
U+9ED5,黕,,,,,,,,,,,,,,✓,
U+9EE6,黦,,,,,,,,,,,,,,✓,
U+9EF1,黱,,,,,,,,,,,,,,✓,
U+9EF5,黵,,,,,,,,,,,,,,✓,✓
U+9F1F,鼟,,,,,,,,,,,,,,✓,✓
U+9F25,鼥,,,,,,,,,,,,,,✓,✓
U+9F27,鼧,,,,,,,,,,,,,,✓,✓
U+9F2A,鼪,,,,,,,,,,,,,,✓,
U+9F46,齆,,,,,,,,,,,,,,✓,✓
U+9FC3,鿃,,,,,,,,,,,,,,✓,✓
U+9FD4,鿔,,,✓,鿔,,,,,,,,鎶,,✓,✓
U+9FEB,鿫,,,✓,鿫,,,,,,,,,,,✓
U+9FEC,鿬,,,✓,鿬,,,,,,,,,,,✓
U+9FED,鿭,,,✓,鿭,,,,,,,,鉨,,✓,✓
U+20242,𠉂,,,,,,,,,,,,㒓,,✓,✓
U+2029F,𠊟,,,,,,,,,,,,,,✓,
U+202C6,𠋆,,,,,,,,,,,,,,✓,
U+20C8E,𠲎,,,,,,,,,,,,,,✓,
U+20CFC,𠳼,,,,,,,,,,,,,,✓,
U+20E96,𠺖,,,,,,,,,,,,,,✓,
U+21334,𡌴,,,,,,,,,,,,,,✓,
U+213CB,𡏋,,,,,,,,,,,,,,✓,
U+21484,𡒄,,,,,,,,,,,,,,✓,
U+216DF,𡛟,,,,,,,,,,,,,,✓,✓
U+21DEB,𡷫,,,,,,,,,,,,,,✓,✓
U+21E03,𡸃,,,,,,,,,,,,𡽗,,✓,
U+22016,𢀖,,,,,,,,,,,,巠,,✓,
U+22650,𢙐,,,,,,,,,,,,憹,,✓,
U+22A8F,𢪏,,,,,,,,,,,,,,✓,
U+22AEC,𢫬,,,,,,,,,,,,摋,,✓,✓
U+22C49,𢱉,,,,,,,,,,,,,,✓,
U+232C9,𣋉,,,,,,,,,,,,,,✓,
U+233B4,𣎴,✓,树𣎴子,,,,,,,,,,,,✓,
U+2343F,𣐿,,,,,✓,栘𣐿,,,,,,,,✓,
U+23617,𣘗,,,,,,,,,,,,,,✓,
U+23A3C,𣨼,,,,,,,,,,,,殢,,✓,✓
U+23A95,𣪕,,,,,,,,,,,,,,✓,
U+23B72,𣭲,,,,,,,,,,,,,,✓,✓
U+23C7C,𣱼,,,,,,,,,,,,,,✓,✓
U+23D13,𣴓,,,✓,北𣴓省（越南）,,,,,,,,,,✓,
U+241B5,𤆵,✓,𤆵耳朵,,,,,,,,,,,〈方〉,✓,
U+2477D,𤝽,,,,,,,✓,《水浒传》：㺀𤝽,,,,,“忽律”，鳄鱼,✓,
U+247A4,𤞤,,,,,,,,,,,,玁,,✓,✓
U+247B6,𤞶,,,,,,,,,,,,,,✓,
U+24A8C,𤪌,,,,,,,,,,,,,,✓,✓
U+24B62,𤭢,✓,𤭢丁壳,,,,,,,,,,,〈方〉,✓,
U+24C1A,𤰚,,,,,,,,,,,,,,✓,
U+25050,𥁐,,,,,,,,,,,,,,✓,
U+25062,𥁢,,,,,,,,,,,,䀉,,✓,
U+2517B,𥅻,,,,,,,,,,,,,,✓,
U+251A7,𥆧,,,,,,,,,,,,瞤,,✓,
U+251E2,𥇢,,,,,,,,,,,,䁪,,✓,✓
U+25273,𥉳,,,,,,,,,,,,,,✓,
U+2560C,𥘌,,,,,,,,,,,,,,✓,
U+25977,𥥷,,,,,,,,,,,,,,✓,
U+25B1E,𥬞,,,,,,,,,,,,籋,,✓,
U+25B20,𥬠,,,,,,,,,,,,篘,,✓,
U+25B2F,𥬯,✗,𥬯䇭,,,,,,,,,,,同“栲栳”，可不收,✓,
U+25B9C,𥮜,,,,,,,,,,,,䉲,,✓,
U+25BBE,𥮾,,,,,,,,,,,,篸,,✓,✓
U+25BE8,𥯨,,,,,✓,𥯨𱸇竹,,,,,,,,✓,
U+25DD1,𥷑,,,,,,,,,,,,,,✓,
U+25FDD,𥿝,,,,,,,,,,,,,,✓,
U+26216,𦈖,,,,,,,,,,,,䌈,,✓,
U+26220,𦈠,,,,,,,,,,,,䌥,,✓,✓
U+2630A,𦌊,,,,,,,,,,,,,,✓,
U+26553,𦕓,,,,,,,,,,,,,,✓,
U+267A6,𦞦,,,,,,,,,,,,,,✓,
U+26A29,𦨩,,,,,,,,,,,,𦪽,,✓,
U+26A2D,𦨭,,,,,,,,,,,,,,✓,
U+26C0F,𦰏,,,,,,,,,,,,,,✓,✓
U+273A5,𧎥,,,,,,,,,,,,,,✓,
U+273FE,𧏾,,,,,,,,,,,,,,✓,
U+277C4,𧟄,,,,,,,,,,,,,,✓,✓
U+280C5,𨃅,,,,,,,,,,,,,,✓,
U+284C8,𨓈,,,,,,,,,,,,,,✓,✓
U+28697,𨚗,,,,,,,,,,,,,,✓,
U+28C4D,𨱍,,,,,,,,,,,,鎯,,✓,✓
U+28EE7,𨻧,,,,,,,,,,,,,,✓,
U+2925C,𩉜,,,,,,,,,,,,,,✓,
U+29B9C,𩮜,,,,,,,,,,,,,,✓,
U+2A38A,𪎊,,,,,,,,,,,,麨,,✓,
U+2A79D,𪞝,,,,,,,,,,,,凙,,✓,
U+2A833,𪠳,,,,,,,,,,,,唓,,✓,
U+2A8AE,𪢮,,,,,,,,,,,,圞,,✓,
U+2A8DD,𪣝,,,,,,,,,,,,,,✓,
U+2AA07,𪨇,,,,,,,,,,,,尵,,✓,✓
U+2AA0A,𪨊,,,,,,,,,,,,㞞,,✓,
U+2AA17,𪨗,,,,,,,,,,,,屩,,✓,✓
U+2AB62,𪭢,,,,,,,,,,,,摐,,✓,
U+2AB8B,𪮋,,,,,,,,,,,,㩋,,✓,
U+2AC77,𪱷,,,,,,,,,,,,梖,,✓,
U+2AC94,𪲔,,,,,,,,,,,,欐,,✓,
U+2ADFD,𪷽,,,,,,,,,,,,灒,,✓,
U+2AED0,𪻐,,,,,,,,,,,,瑽,,✓,✓
U+2AF47,𪽇,,,,,,,,,,,,,,✓,
U+2AF94,𪾔,,,,,,,,,,,,盨,,✓,
U+2AFA6,𪾦,,,,,,,,,,,,矑,,✓,
U+2B088,𫂈,,,,,,,,,,,,䉬,,✓,
U+2B11B,𫄛,,,,,,,,,,,,紟,,✓,
U+2B11F,𫄟,,,,,,,,,,,,絁,,✓,
U+2B124,𫄤,,,,,,,,,,,,繨,,✓,✓
U+2B125,𫄥,,,,,,,,,,,,纚,,✓,✓
U+2B12B,𫄫,,,,,,,,,,,,綟,,✓,
U+2B230,𫈰,,,,,,,,,,,,,,✓,
U+2B241,𫉁,,,,,,,,,,,,薆,,✓,
U+2B2CC,𫋌,,,,,,,,,,,,蟘,,✓,
U+2B328,𫌨,,,,,,,,,,,,覼,,✓,✓
U+2B35F,𫍟,,,,,,,,,,,,𧦧,,✓,
U+2B362,𫍢,,,,,,,,,,,,譊,,✓,
U+2B3AB,𫎫,,,,,,,,,,,,贉,,✓,
U+2B411,𫐑,,,,,,,,,,,,輨,,✓,
U+2B416,𫐖,,,,,,,,,,,,轇,,✓,
U+2B418,𫐘,,,,,,,,,,,,轗,,✓,
U+2B4E9,𫓩,,,,,,,,,,,,鏦,,✓,
U+2B507,𫔇,,,,,,,,,,,,鎞,,✓,
U+2B583,𫖃,,,,,,,,,,,,靧,,✓,
U+2B592,𫖒,,,,,,,,,,,,韠,,✓,
U+2B594,𫖔,,,,,,,,,,,,韛,,✓,✓
U+2B5B9,𫖹,,,,,,,,,,,,顣,,✓,
U+2B5E0,𫗠,,,,,,,,,,,,餦,,✓,
U+2B5E6,𫗦,,,,,,,,,,,,餔,,✓,
U+2B5E9,𫗩,,,,,,,,,,,,饠,,✓,
U+2B5EE,𫗮,,,,,,,,,,,,餭,,✓,
U+2B5F0,𫗰,,,,,,,,,,,,䭔,,✓,
U+2B624,𫘤,,,,,,,,,,,,騃,,✓,✓
U+2B62D,𫘭,,,,,,,,,,,,騻,,✓,
U+2B688,𫚈,,,,,,,,,,,,鱮,,✓,
U+2B689,𫚉,,,,,,,,,,,,魟,,✓,
U+2B692,𫚒,,,,,,,,,,,,鮄,,✓,
U+2B694,𫚔,,,,,,,,,,,,鮰,,✓,
U+2B6A5,𫚥,,,,,,,,,,,,鰕,,✓,
U+2B6DE,𫛞,,,,,,,,,,,,鴃,,✓,✓
U+2B6E3,𫛣,,,,,,,,,,,,鴥,,✓,
U+2B6E9,𫛩,,,,,,,,,,,,鴳,,,✓
U+2B6F3,𫛳,,,,,,,,,,,,鵩,,✓,
U+2B6F6,𫛶,,,,,,,✓,㶉𫛶,,,,鶒,,✓,✓
U+2B6F8,𫛸,,,,,,,,,,,,鶗,,✓,
U+2B728,𫜨,,,,,,,,,,,,䶕,,✓,✓
U+2B72C,𫜬,,,,,,,,,,,,齰,,✓,
U+2B7F7,𫟷,,,✓,𫟷,,,,,,,,鉝,,✓,✓
U+2B892,𫢒,,,,,,,,,,,,儱,,✓,
U+2B8CA,𫣊,,,,,,,,,,,,僾,,✓,
U+2B9EF,𫧯,,,,,,,,,,,,卨,,✓,✓
U+2BA81,𫪁,,,,,,,,,,,,唻,,✓,
U+2BA98,𫪘,,,,,,,,,,,,𡂿,,✓,
U+2BAE6,𫫦,,,,,,,,,,,,嚪,,✓,
U+2BAFE,𫫾,,,,,,,,,,,,嚬,,✓,
U+2BB6A,𫭪,,,,,,,,,,,,墝,,✓,
U+2BB85,𫮅,,,,,,,,,,,,墋,,✓,
U+2BC02,𫰂,,,,,,,,,,,,奲,,✓,
U+2BC21,𫰡,,,,,,,,,,,,嬅,,✓,
U+2BC30,𫰰,,,,,,,,,,,,嬐,,,✓
U+2BD7C,𫵼,,,,,,,,,,,,,,✓,
U+2BF1D,𫼝,,,,,,,,,,,,搊,,✓,
U+2C0D8,𬃘,,,,,,,,,,,,樲,,✓,
U+2C129,𬄩,,,,,,,,,,,,櫽,,✓,
U+2C1AE,𬆮,,,,,,,,,,,,鷇,,✓,✓
U+2C1D8,𬇘,,,,,,,,,,,,漙,,✓,
U+2C386,𬎆,,,,,,,,,,,,㼆,,✓,
U+2C457,𬑗,,,,,,,,,,,,瞷,,✓,
U+2C591,𬖑,,,,,,,,,,,,粯,,✓,
U+2C61C,𬘜,,,,,,,,,,,,䋎,,✓,
U+2C61D,𬘝,,,,,,,,,,,,紾,,✓,
U+2C622,𬘢,,,,,,,,,,,,絖,,✓,
U+2C635,𬘵,,,,,,,,,,,,緪,,✓,
U+2C646,𬙆,,,,,,,,,,,,繙,,✓,
U+2C805,𬠅,,,,,,,,,,,,蟷,,✓,
U+2C88A,𬢊,,,,,,,,,,,,覗,,✓,✓
U+2C8C0,𬣀,,,,,,,,,,,,讆,,✓,
U+2C930,𬤰,,,,,,,,,,,,讙,,✓,
U+2C9C0,𬧀,,,,,,,,,,,,蹡,,✓,✓
U+2CA8D,𬪍,,,,,,,,,,,,鄮,,✓,
U+2CB2B,𬬫,,,,,,,,,,,,鈚,,✓,✓
U+2CB32,𬬲,,,,,,,,,,,,釽,,✓,
U+2CB3A,𬬺,,,,,,,,,,,,鉏,,✓,
U+2CB63,𬭣,,,,,,,,,,,,䤼,,✓,✓
U+2CB72,𬭲,,,,,,,,,,,,鏁,,✓,
U+2CB74,𬭴,,,,,,,,,,,,䥛,,✓,
U+2CBA4,𬮤,,,,,,,,,,,,閤,,✓,✓
U+2CC66,𬱦,,,,,,,,,,,,䫏,,✓,
U+2CD10,𬴐,,,,,,,,,,,,驩,,✓,
U+2CDA7,𬶧,,,,,,,,,,,,鰇,,✓,
U+2CE05,𬸅,,,,,,,,,,,,鶵,,✓,✓
U+2CE08,𬸈,,,,,,,,,,,,鵄,,✓,
U+2CE29,𬸩,,,,,✓,𱉵𬸩,,,,,,䴈,,✓,
U+2CE31,𬸱,,,,,,,,,,,,鸜,,✓,
U+2D11B,𭄛,,,,,,,,,,,,劗,,✓,
U+2D382,𭎂,,,,,,,,,,,,㙡,,✓,
U+2D546,𭕆,,,,,,,,,,,,𧴪,,✓,
U+2D613,𭘓,,,,,,,,,,,,幠,,✓,
U+2D6A6,𭚦,,,,,,,,,,,,彍,,✓,✓
U+2D8C7,𭣇,,,,,,,,,,,,攧,,✓,✓
U+2D8E7,𭣧,,,,,,,,,,,,斁,,✓,
U+2D930,𭤰,,,,,,,,,,,,旟,,✓,
U+2DA86,𭪆,,,,,,,,,,,,檛,,✓,
U+2DC4A,𭱊,,,,,,,,,,,,澒,,✓,✓
U+2DE5C,𭹜,,,,,,,,,,,,㼈,,✓,
U+2E18F,𮆏,,,,,,,,,,,,籣,,✓,
U+2E261,𮉡,,,,,,,,,,,,纑,,✓,
U+2E262,𮉢,,,,,,,,,,,,紩,,✓,
U+2E264,𮉤,,,,,,,,,,,,絓,,✓,
U+2E267,𮉧,,,,,,,,,,,,緉,,✓,✓
U+2E268,𮉨,,,,,,,,,,,,緺,,✓,✓
U+2E26A,𮉪,,,,,,,,,,,,緅,,✓,✓
U+2E26B,𮉫,,,,,,,,,,,,緌,,✓,✓
U+2E26C,𮉬,,,,,,,,,,,,綷,,✓,
U+2E26F,𮉯,,,,,,,,,,,,縩,,✓,
U+2E428,𮐨,,,,,,,,,,,,蘡,,✓,✓
U+2E502,𮔂,,,,,,,,,,,,䗻,,✓,
U+2E505,𮔅,,,,,,,,,,,,蝜,,✓,
U+2E50A,𮔊,,,,,,,,,,,,蜽,,✓,
U+2E581,𮖁,,,,,,,,,,,,裲,,✓,
U+2E5B1,𮖱,,,,,,,,,,,,襭,,✓,
U+2E64A,𮙊,,,,,,,,,,,,讔,,✓,
U+2E64B,𮙋,,,,,,,,,,,,讟,,✓,✓
U+2E774,𮝴,,,,,,,,,,,,軱,,✓,✓
U+2E775,𮝵,,,,,,,,,,,,輀,,✓,
U+2E778,𮝸,,,,,,,,,,,,輴,,✓,
U+2E779,𮝹,,,,,,,,,,,,轘,,✓,✓
U+2E77A,𮝺,,,,,,,,,,,,轕,,✓,
U+2E81E,𮠞,,,,,,,,,,,,䤌,,✓,
U+2E8F2,𮣲,,,,,,,,,,,,釭,,✓,
U+2E8F3,𮣳,,,,,,,,,,,,鈜,,✓,
U+2E8F4,𮣴,,,,,,,,,,,,鋋,,✓,✓
U+2E8F5,𮣵,,,,,,,,,,,,錣,,✓,
U+2E8F6,𮣶,,,,,,,,,,,,鑢,,✓,
U+2E8F7,𮣷,,,,,,,,,,,,,,✓,
U+2E932,𮤲,,,,,,,,,,,,閟,,✓,✓
U+2E9F4,𮧴,,,,,,,,,,,,韔,,✓,✓
U+2E9F5,𮧵,,,,,,,,,,,,韡,,✓,✓
U+2EA5B,𮩛,,,,,,,,,,,,饆,,✓,
U+2EA5D,𮩝,,,,,,,,,,,,餲,,,✓
U+2EA5E,𮩞,,,,,,,,,,,,饐,,✓,
U+2EAA5,𮪥,,,,,,,,,,,,驐,,✓,
U+2EAC2,𮫂,,,,,,,,,,,,鬡,,✓,
U+2EB1C,𮬜,,,,,,,,,,,,鮨,,✓,
U+2EB1D,𮬝,,,,,,,,,,,,鱥,,✓,
U+2EB1E,𮬞,,,,,,,,,,,,䱗,,✓,
U+2EB1F,𮬟,,,,,,,,,,,,䱛,,✓,
U+2EB20,𮬠,,,,,,,,,,,,䱚,,✓,
U+2EB21,𮬡,,,,,,,,,,,,䱻,,✓,
U+2EB22,𮬢,,,,,,,,,,,,䱵,,✓,
U+2EB23,𮬣,,,,,,,,,,,,䲗,,✓,
U+2EB24,𮬤,,,,,,,,,,,,鱵,,✓,
U+2EB65,𮭥,,,,,,,,,,,,䳍,,✓,
U+2EB66,𮭦,,,,,,,,,,,,𪁏,,✓,
U+2EB68,𮭨,,,,,,,,,,,,鷃,,✓,
U+2EB6A,𮭪,,,,,,,,,,,,鷞,,✓,
U+2EB70,𮭰,,,,,,,,,,,,䴚,,✓,
U+2EB87,𮮇,,,,,,,,,,,,麰,,✓,
U+2EBD9,𮯙,,,,,,,,,,,,䶗,,✓,
U+300F7,𰃷,,,,,,,,,,,,凔,,✓,
U+307D8,𰟘,,,,,,,,,,,,爓,,✓,
U+309C9,𰧉,,,,,,,,,,,,礩,,✓,
U+30C71,𰱱,,,,,,,,,,,,薋,,✓,
U+30D5D,𰵝,,,,,,,,,✓,简川𰵝,,訸,〈书〉,✓,
U+30D74,𰵴,,,,,,,,,,,,諔,,✓,
U+30D7C,𰵼,,,,,,,,,,,,謋,,,✓
U+30DE0,𰷠,,,,,,,,,,,,貤,,✓,
U+30DE5,𰷥,,,,,,,✓,𰷥人,,,,賨,,✓,✓
U+310A8,𱂨,,,,,,,,,,,,頞,,✓,✓
U+310B1,𱂱,,,,,,,,,,,,顑,,✓,✓
U+310FA,𱃺,,,,,,,,,,,,餂,,✓,
U+31148,𱅈,,,,,,,,,,,,駜,,✓,
U+3114B,𱅋,,,,,,,,,,,,駬,,✓,✓
U+311E3,𱇣,,,,,,,,,,,,鱍,,✓,
U+31254,𱉔,,,,,,,,,,,,鴂,,✓,
U+31275,𱉵,,,,,✓,𱉵𬸩,,,,,,鶆,,✓,
U+31283,𱊃,,,,,,,,,,,,鵹,,✓,
U+31288,𱊈,,,,,,,,,,,,鶂,,✓,
U+31E07,𱸇,,,,,✓,𥯨𱸇竹,,,,,,簩,,✓,